学院名称,专业号,专业名称,课程代码,课程名称,100分,99-90,89-80,79-70,69-60,60分以下,最高分,最低分,总人数,考试人数,缺考人数,重修人数,总分,平均分,优秀率,良好率,中等率,及格率,不及格率,开课学院
物理科学与技术学院,1196,科学教育,11116060,STEM教育与创客教育,0,1,49,18,3,0,90,67,71,71,0,0,5762,81.15,1.408%,69.014%,25.352%,100%,0%,物理科学与技术学院
物理科学与技术学院,1196,科学教育,25100080,现代教育技术应用,0,21,46,4,0,0,94,77,71,71,0,0,6207,87.42,29.577%,64.789%,5.634%,100%,0%,教师教育学院
物理科学与技术学院,1196,科学教育,11118345,劳动与社会实践Ⅴ,0,27,44,0,0,0,94,84,71,71,0,0,6195,87.25,38.028%,61.972%,0%,100%,0%,物理科学与技术学院
物理科学与技术学院,1196,科学教育,30190003,大学英语Ⅲ（普通生）,0,0,7,22,11,0,84,61,40,40,0,0,2935,73.38,0%,17.5%,55%,100%,0%,大学外语教学部
物理科学与技术学院,1196,科学教育,13110129,形势与政策Ⅶ,0,31,38,2,0,0,98,73,71,71,0,0,6313,88.92,43.662%,53.521%,2.817%,100%,0%,马克思主义学院
物理科学与技术学院,1196,科学教育,66110019,世界葡萄酒文化与品鉴,1,2,0,0,0,0,100,93,3,3,0,0,288,96,100%,0%,0%,100%,0%,通识教育科
物理科学与技术学院,1196,科学教育,66190020,创造心智与创新训练,0,2,4,0,0,0,93,89,6,6,0,0,540,90,33.333%,66.667%,0%,100%,0%,通识教育科
物理科学与技术学院,1196,科学教育,11118373,教育见习Ⅲ,0,2,69,0,0,0,91,83,71,71,0,0,6099,85.9,2.817%,97.183%,0%,100%,0%,物理科学与技术学院
物理科学与技术学院,1196,科学教育,44110042,大学生职业发展与就业指导之--就业指导,0,20,47,4,0,0,98,77,71,71,0,0,6176,86.99,28.169%,66.197%,5.634%,100%,0%,招生与就业处
物理科学与技术学院,1196,科学教育,99110034,大学生心理健康教育Ⅰ,0,52,19,0,0,0,95,88,71,71,0,0,6425,90.49,73.239%,26.761%,0%,100%,0%,学生处（与党委学生工作部合署、含校友工作办公室）
物理科学与技术学院,1196,科学教育,13110126,形势与政策Ⅳ,5,51,5,10,0,0,100,70,71,71,0,0,6486,91.35,78.873%,7.042%,14.085%,100%,0%,马克思主义学院
物理科学与技术学院,1196,科学教育,11118341,劳动与社会实践Ⅰ,0,31,38,1,0,0,96,75,70,70,0,0,6233,89.04,44.286%,54.286%,1.429%,100%,0%,物理科学与技术学院
物理科学与技术学院,1196,科学教育,11111410,普通地理学及实验,0,43,27,1,0,0,97,71,71,71,0,0,6360,89.58,60.563%,38.028%,1.408%,100%,0%,物理科学与技术学院
物理科学与技术学院,1196,科学教育,11190800,数字化科学实验教学设计,0,48,23,0,0,0,94,87,71,71,0,0,6441,90.72,67.606%,32.394%,0%,100%,0%,物理科学与技术学院
物理科学与技术学院,1196,科学教育,88190001,计算机基础应用Ⅰ,0,6,43,16,6,0,96,60,71,71,0,0,5788,81.52,8.451%,60.563%,22.535%,100%,0%,公共计算机教学部
物理科学与技术学院,1196,科学教育,66170015,男生穿搭技巧,0,2,1,0,1,0,98,64,4,4,0,0,341,85.25,50%,25%,0%,100%,0%,通识教育科
物理科学与技术学院,1196,科学教育,11118372,教育见习Ⅱ,0,37,34,0,0,0,98,81,71,71,0,0,6352,89.46,52.113%,47.887%,0%,100%,0%,物理科学与技术学院
物理科学与技术学院,1196,科学教育,09100150,烹饪工艺与名菜赏析,0,2,4,1,0,0,94,72,7,7,0,0,601,85.86,28.571%,57.143%,14.286%,100%,0%,生命科学与技术学院
物理科学与技术学院,1196,科学教育,66170044,教学媒体设备的操作技能训练,0,7,0,0,0,0,99,95,7,7,0,0,675,96.43,100%,0%,0%,100%,0%,通识教育科
物理科学与技术学院,1196,科学教育,77101520,太极拳2,0,0,4,0,0,0,89,84,4,4,0,0,347,86.75,0%,100%,0%,100%,0%,公共体育教学部
物理科学与技术学院,1196,科学教育,66130024,高分子材料与生活,0,0,4,1,0,0,86,79,5,5,0,0,417,83.4,0%,80%,20%,100%,0%,通识教育科
物理科学与技术学院,1196,科学教育,66110014,老子《道德经》与人生智慧,0,1,0,0,0,0,92,92,1,1,0,0,92,92,100%,0%,0%,100%,0%,通识教育科
物理科学与技术学院,1196,科学教育,17103000,服饰艺术鉴赏,0,7,0,0,0,0,96,93,7,7,0,0,664,94.86,100%,0%,0%,100%,0%,通识教育科
物理科学与技术学院,1196,科学教育,77104003,匹克球3,0,6,9,0,0,0,98,80,15,15,0,0,1322,88.13,40%,60%,0%,100%,0%,公共体育教学部
物理科学与技术学院,1196,科学教育,3019020A,初级英国文学,0,0,0,0,1,0,64,64,1,1,0,0,64,64,0%,0%,0%,100%,0%,大学外语教学部
物理科学与技术学院,1196,科学教育,77100807,羽毛球运动训练3,0,0,1,0,0,0,87,87,1,1,0,0,87,87,0%,100%,0%,100%,0%,公共体育教学部
物理科学与技术学院,1196,科学教育,77103713,手球3,0,4,1,9,2,0,96,60,16,16,0,0,1251,78.19,25%,6.25%,56.25%,100%,0%,公共体育教学部
物理科学与技术学院,1196,科学教育,77102310,健美操1,0,0,3,1,0,0,85,76,4,4,0,0,326,81.5,0%,75%,25%,100%,0%,公共体育教学部
物理科学与技术学院,1196,科学教育,66110065,生活中的教育学,0,3,1,0,0,0,98,83,4,4,0,0,363,90.75,75%,25%,0%,100%,0%,通识教育科
物理科学与技术学院,1196,科学教育,66150031,中学美术教学设计,0,5,4,0,0,0,99,80,9,9,0,0,824,91.56,55.556%,44.444%,0%,100%,0%,通识教育科
物理科学与技术学院,1196,科学教育,3019004A,商务英语口译,0,0,0,2,0,0,76,71,2,2,0,0,147,73.5,0%,0%,100%,100%,0%,大学外语教学部
物理科学与技术学院,1196,科学教育,77100505,排球运动训练1,0,1,0,0,0,0,90,90,1,1,0,0,90,90,100%,0%,0%,100%,0%,公共体育教学部
物理科学与技术学院,1196,科学教育,30191102,公共日语Ⅱ,0,2,0,0,0,0,94,90,2,2,0,0,184,92,100%,0%,0%,100%,0%,大学外语教学部
物理科学与技术学院,1196,科学教育,77100303,网球3,0,6,8,0,0,0,94,80,14,14,0,0,1228,87.71,42.857%,57.143%,0%,100%,0%,公共体育教学部
物理科学与技术学院,1196,科学教育,77101903,康复保健3,0,1,1,0,0,0,90,89,2,2,0,0,179,89.5,50%,50%,0%,100%,0%,公共体育教学部
物理科学与技术学院,1196,科学教育,77102203,瑜伽3,0,0,9,0,0,0,88,80,9,9,0,0,765,85,0%,100%,0%,100%,0%,公共体育教学部
物理科学与技术学院,1196,科学教育,66150040,日本茶道文化,0,2,0,0,0,0,93,92,2,2,0,0,185,92.5,100%,0%,0%,100%,0%,通识教育科
物理科学与技术学院,1196,科学教育,66170021,中医美容,0,0,1,3,0,0,89,72,4,4,0,0,313,78.25,0%,25%,75%,100%,0%,通识教育科
物理科学与技术学院,1196,科学教育,66190023,创新创业基础,0,1,0,0,0,0,91,91,1,1,0,0,91,91,100%,0%,0%,100%,0%,通识教育科
物理科学与技术学院,1196,科学教育,77103130,飞镖3,0,3,0,0,0,0,97,94,3,3,0,0,286,95.33,100%,0%,0%,100%,0%,公共体育教学部
物理科学与技术学院,1196,科学教育,66170037,舞龙,0,1,0,0,0,0,91,91,1,1,0,0,91,91,100%,0%,0%,100%,0%,通识教育科
物理科学与技术学院,1196,科学教育,08182600,电路分析基础,0,0,1,0,0,0,82,82,1,1,0,0,82,82,0%,100%,0%,100%,0%,电子与电气工程学院
物理科学与技术学院,1196,科学教育,66130098,碳达峰·碳中和-低碳发展,0,0,1,0,0,0,86,86,1,1,0,0,86,86,0%,100%,0%,100%,0%,通识教育科
物理科学与技术学院,1196,科学教育,77100808,羽毛球运动训练4,0,1,0,0,0,0,90,90,1,1,0,0,90,90,100%,0%,0%,100%,0%,公共体育教学部
物理科学与技术学院,1196,科学教育,44110041,大学生职业发展与就业指导之--职业生涯规划,0,39,32,0,0,0,95,84,71,71,0,0,6392,90.03,54.93%,45.07%,0%,100%,0%,招生与就业处
物理科学与技术学院,1196,科学教育,13110124,形势与政策Ⅱ,0,34,32,5,0,0,98,71,71,71,0,0,6282,88.48,47.887%,45.07%,7.042%,100%,0%,马克思主义学院
物理科学与技术学院,1196,科学教育,66130021,数学元认知导引,0,1,1,0,0,0,91,88,2,2,0,0,179,89.5,50%,50%,0%,100%,0%,通识教育科
物理科学与技术学院,1196,科学教育,77103036,田径运动训练2,0,0,0,1,0,0,76,76,1,1,0,0,76,76,0%,0%,100%,100%,0%,公共体育教学部
物理科学与技术学院,1196,科学教育,3019026A,职业英语演讲基础,0,0,0,7,2,0,78,67,9,9,0,0,667,74.11,0%,0%,77.778%,100%,0%,大学外语教学部
物理科学与技术学院,1196,科学教育,77100920,毽绳2,0,2,3,1,0,0,95,74,6,6,0,0,507,84.5,33.333%,50%,16.667%,100%,0%,公共体育教学部
物理科学与技术学院,1196,科学教育,77101503,太极拳3,0,1,4,1,1,0,91,60,7,7,0,0,559,79.86,14.286%,57.143%,14.286%,100%,0%,公共体育教学部
物理科学与技术学院,1196,科学教育,66110025,文学创意写作,0,6,3,1,0,0,99,78,10,10,0,0,901,90.1,60%,30%,10%,100%,0%,通识教育科
物理科学与技术学院,1196,科学教育,66190027,思维导图与创新思维,0,4,0,0,0,0,97,93,4,4,0,0,380,95,100%,0%,0%,100%,0%,通识教育科
物理科学与技术学院,1196,科学教育,66150041,走进多彩的舞蹈世界,0,1,0,0,0,0,98,98,1,1,0,0,98,98,100%,0%,0%,100%,0%,通识教育科
物理科学与技术学院,1196,科学教育,66130082,数学方法与文化,0,0,1,0,0,0,86,86,1,1,0,0,86,86,0%,100%,0%,100%,0%,通识教育科
物理科学与技术学院,1196,科学教育,66170011,二级MS Office高级应用,0,2,0,0,0,0,92,91,2,2,0,0,183,91.5,100%,0%,0%,100%,0%,通识教育科
物理科学与技术学院,1196,科学教育,66130061,《百年诺贝尔奖生理学或医学卷》选读,0,4,1,0,0,0,93,89,5,5,0,0,456,91.2,80%,20%,0%,100%,0%,通识教育科
物理科学与技术学院,1196,科学教育,66190111,食品美食加工与实践,0,3,0,0,0,0,96,93,3,3,0,0,285,95,100%,0%,0%,100%,0%,通识教育科
物理科学与技术学院,1196,科学教育,66130045,传统养生,0,0,5,0,0,0,89,85,5,5,0,0,433,86.6,0%,100%,0%,100%,0%,通识教育科
物理科学与技术学院,1196,科学教育,66110098,旅行文学,0,1,1,0,0,0,93,85,2,2,0,0,178,89,50%,50%,0%,100%,0%,通识教育科
物理科学与技术学院,1196,科学教育,66172353,三维动画基础,0,2,0,0,0,0,94,93,2,2,0,0,187,93.5,100%,0%,0%,100%,0%,通识教育科
物理科学与技术学院,1196,科学教育,77100803,羽毛球3,0,1,4,0,1,0,91,67,6,6,0,0,501,83.5,16.667%,66.667%,0%,100%,0%,公共体育教学部
物理科学与技术学院,1196,科学教育,66152353,体育赛事赏析,0,0,1,0,0,0,89,89,1,1,0,0,89,89,0%,100%,0%,100%,0%,通识教育科
物理科学与技术学院,1196,科学教育,66130089,通过力学看世界,0,1,1,0,0,0,91,88,2,2,0,0,179,89.5,50%,50%,0%,100%,0%,通识教育科
物理科学与技术学院,1196,科学教育,77101220,武术2,0,0,0,1,0,0,70,70,1,1,0,0,70,70,0%,0%,100%,100%,0%,公共体育教学部
物理科学与技术学院,1196,科学教育,66130064,动物家族,0,3,0,0,0,0,94,90,3,3,0,0,275,91.67,100%,0%,0%,100%,0%,通识教育科
物理科学与技术学院,1196,科学教育,77100810,羽毛球1,0,0,2,1,0,0,83,79,3,3,0,0,243,81,0%,66.667%,33.333%,100%,0%,公共体育教学部
物理科学与技术学院,1196,科学教育,66190100,钳工基础技能实践劳动,0,0,1,0,0,0,88,88,1,1,0,0,88,88,0%,100%,0%,100%,0%,通识教育科
物理科学与技术学院,1196,科学教育,66110096,人工智能与法律,0,0,1,0,0,0,88,88,1,1,0,0,88,88,0%,100%,0%,100%,0%,通识教育科
物理科学与技术学院,1196,科学教育,66170030,信息检索与利用,0,0,1,0,0,0,88,88,1,1,0,0,88,88,0%,100%,0%,100%,0%,通识教育科
物理科学与技术学院,1196,科学教育,77100110,篮球1,0,0,0,2,0,0,79,78,2,2,0,0,157,78.5,0%,0%,100%,100%,0%,公共体育教学部
物理科学与技术学院,1196,科学教育,66190008,创业与商业模式创新,0,0,1,0,0,0,88,88,1,1,0,0,88,88,0%,100%,0%,100%,0%,通识教育科
物理科学与技术学院,1196,科学教育,66130012,从宇宙到夸克,0,0,1,0,0,0,87,87,1,1,0,0,87,87,0%,100%,0%,100%,0%,通识教育科
物理科学与技术学院,1196,科学教育,08182500,认识实习,0,1,0,0,0,0,95,95,1,1,0,0,95,95,100%,0%,0%,100%,0%,计算机与智能教育学院
物理科学与技术学院,1196,科学教育,08182840,模拟电子技术,0,0,0,1,0,0,73,73,1,1,0,0,73,73,0%,0%,100%,100%,0%,电子与电气工程学院
物理科学与技术学院,1196,科学教育,66132353,汽车行走与安全的秘笈 ,0,1,0,0,0,0,96,96,1,1,0,0,96,96,100%,0%,0%,100%,0%,通识教育科
物理科学与技术学院,1196,科学教育,13110125,形势与政策Ⅲ,0,71,0,0,0,0,95,90,71,71,0,0,6529,91.96,100%,0%,0%,100%,0%,马克思主义学院
物理科学与技术学院,1196,科学教育,11191050,科技英语,0,9,35,22,5,0,96,61,71,71,0,0,5722,80.59,12.676%,49.296%,30.986%,100%,0%,物理科学与技术学院
物理科学与技术学院,1196,科学教育,11190170,大学物理实验A,0,4,52,15,0,0,91,70,71,71,0,0,5871,82.69,5.634%,73.239%,21.127%,100%,0%,物理科学与技术学院
物理科学与技术学院,1196,科学教育,02190003,大学语文,0,5,29,34,3,0,93,65,71,71,0,0,5621,79.17,7.042%,40.845%,47.887%,100%,0%,文学与传媒学院
物理科学与技术学院,1196,科学教育,11191003,程序设计与应用,0,9,50,12,0,0,99,72,71,71,0,0,5951,83.82,12.676%,70.423%,16.901%,100%,0%,物理科学与技术学院
物理科学与技术学院,1196,科学教育,66130080,统计学基础,0,1,1,0,0,0,91,80,2,2,0,0,171,85.5,50%,50%,0%,100%,0%,通识教育科
物理科学与技术学院,1196,科学教育,66130053,汽车发动机构造,0,8,1,0,0,0,98,83,9,9,0,0,859,95.44,88.889%,11.111%,0%,100%,0%,通识教育科
物理科学与技术学院,1196,科学教育,11118344,劳动与社会实践Ⅳ,0,35,36,0,0,0,95,80,71,71,0,0,6282,88.48,49.296%,50.704%,0%,100%,0%,物理科学与技术学院
物理科学与技术学院,1196,科学教育,11118342,劳动与社会实践Ⅱ,0,61,9,1,0,0,96,70,71,71,0,0,6445,90.77,85.915%,12.676%,1.408%,100%,0%,物理科学与技术学院
物理科学与技术学院,1196,科学教育,11196021,科学前沿专题讲座,0,2,69,0,0,0,90,80,71,71,0,0,5868,82.65,2.817%,97.183%,0%,100%,0%,物理科学与技术学院
物理科学与技术学院,1196,科学教育,17110041,创新创业理论与实务,0,3,68,0,0,0,91,81,71,71,0,0,6186,87.13,4.225%,95.775%,0%,100%,0%,创新创业学院
物理科学与技术学院,1196,科学教育,77100603,气排球3,0,0,0,2,1,0,76,68,3,3,0,0,215,71.67,0%,0%,66.667%,100%,0%,公共体育教学部
物理科学与技术学院,1196,科学教育,11117700,科学实验教学设计及创意科学教具DIY,0,36,35,0,0,0,94,86,71,71,0,0,6354,89.49,50.704%,49.296%,0%,100%,0%,物理科学与技术学院
物理科学与技术学院,1196,科学教育,11194260,自然科学概论,0,21,47,2,1,0,95,66,71,71,0,0,6191,87.2,29.577%,66.197%,2.817%,100%,0%,物理科学与技术学院
物理科学与技术学院,1196,科学教育,11196070,航空模型训练,0,11,59,1,0,0,91,79,71,71,0,0,6207,87.42,15.493%,83.099%,1.408%,100%,0%,物理科学与技术学院
物理科学与技术学院,1196,科学教育,77100820,羽毛球2,0,0,2,1,0,0,83,79,3,3,0,0,244,81.33,0%,66.667%,33.333%,100%,0%,公共体育教学部
物理科学与技术学院,1196,科学教育,66110048,毕业论文写作,0,8,1,0,0,0,98,88,9,9,0,0,853,94.78,88.889%,11.111%,0%,100%,0%,通识教育科
物理科学与技术学院,1196,科学教育,66130081,混沌与蝴蝶效应,0,0,8,0,0,0,87,81,8,8,0,0,677,84.63,0%,100%,0%,100%,0%,通识教育科
物理科学与技术学院,1196,科学教育,13110081,思想道德与法治,0,2,20,24,23,0,93,60,69,69,0,0,5154,74.7,2.899%,28.986%,34.783%,100%,0%,马克思主义学院
物理科学与技术学院,1196,科学教育,12123600,普通化学及实验,0,4,32,28,7,0,94,61,71,71,0,0,5611,79.03,5.634%,45.07%,39.437%,100%,0%,化学化工学院
物理科学与技术学院,1196,科学教育,66130073,健康管理与慢病防控,0,18,0,0,0,0,96,90,18,18,0,0,1700,94.44,100%,0%,0%,100%,0%,通识教育科
物理科学与技术学院,1196,科学教育,25100070,三笔字,0,10,53,8,0,0,92,70,71,71,0,0,5978,84.2,14.085%,74.648%,11.268%,100%,0%,教师教育学院
物理科学与技术学院,1196,科学教育,66170016,女生穿搭技巧,0,1,3,1,0,0,99,79,5,5,0,0,432,86.4,20%,60%,20%,100%,0%,通识教育科
物理科学与技术学院,1196,科学教育,77100120,篮球2,0,1,1,0,1,0,93,69,3,3,0,0,245,81.67,33.333%,33.333%,0%,100%,0%,公共体育教学部
物理科学与技术学院,1196,科学教育,66190009,逻辑问题解决与程序设计之美 ,0,1,1,1,0,0,91,79,3,3,0,0,252,84,33.333%,33.333%,33.333%,100%,0%,通识教育科
物理科学与技术学院,1196,科学教育,66110045,诗词与人生,0,2,2,0,0,0,91,89,4,4,0,0,359,89.75,50%,50%,0%,100%,0%,通识教育科
物理科学与技术学院,1196,科学教育,66130067,大数据分析与应用,0,4,0,0,0,0,96,94,4,4,0,0,381,95.25,100%,0%,0%,100%,0%,通识教育科
物理科学与技术学院,1196,科学教育,66150034,中国古典园林文化赏析,0,0,3,2,0,0,82,77,5,5,0,0,397,79.4,0%,60%,40%,100%,0%,通识教育科
物理科学与技术学院,1196,科学教育,66110093,法国社会与文化,0,0,1,0,0,0,86,86,1,1,0,0,86,86,0%,100%,0%,100%,0%,通识教育科
物理科学与技术学院,1196,科学教育,77101203,武术3,0,0,2,0,0,0,87,85,2,2,0,0,172,86,0%,100%,0%,100%,0%,公共体育教学部
物理科学与技术学院,1196,科学教育,66130008,化学与健康,0,1,0,0,0,0,95,95,1,1,0,0,95,95,100%,0%,0%,100%,0%,通识教育科
物理科学与技术学院,1196,科学教育,66130013,电影中的科学,0,4,2,0,0,0,93,82,6,6,0,0,541,90.17,66.667%,33.333%,0%,100%,0%,通识教育科
物理科学与技术学院,1196,科学教育,66130092,生活中的基因科学,0,2,0,0,0,0,91,90,2,2,0,0,181,90.5,100%,0%,0%,100%,0%,通识教育科
物理科学与技术学院,1196,科学教育,08192730,电子线路CAD,0,0,1,0,0,0,86,86,1,1,0,0,86,86,0%,100%,0%,100%,0%,电子与电气工程学院
物理科学与技术学院,1196,科学教育,66130070,机器学习,0,5,0,0,0,0,97,90,5,5,0,0,469,93.8,100%,0%,0%,100%,0%,通识教育科
物理科学与技术学院,1196,科学教育,66130074,工程伦理,0,0,1,0,0,0,89,89,1,1,0,0,89,89,0%,100%,0%,100%,0%,通识教育科
物理科学与技术学院,1196,科学教育,66110044,管理人生,0,2,1,0,0,0,90,88,3,3,0,0,268,89.33,66.667%,33.333%,0%,100%,0%,通识教育科
物理科学与技术学院,1196,科学教育,08188001,高等数学Ⅰ,0,0,1,0,0,0,83,83,1,1,0,0,83,83,0%,100%,0%,100%,0%,计算机与智能教育学院
物理科学与技术学院,1196,科学教育,77101920,康复保健2,0,0,1,0,0,0,89,89,1,1,0,0,89,89,0%,100%,0%,100%,0%,公共体育教学部
物理科学与技术学院,1196,科学教育,66130071,科技论文写作,0,0,1,0,0,0,80,80,1,1,0,0,80,80,0%,100%,0%,100%,0%,通识教育科
物理科学与技术学院,1196,科学教育,66130076,中学教育科研方法与实务,0,1,0,0,0,0,91,91,1,1,0,0,91,91,100%,0%,0%,100%,0%,通识教育科
物理科学与技术学院,1196,科学教育,66190103,钳工工艺实践劳动,0,1,0,0,0,0,91,91,1,1,0,0,91,91,100%,0%,0%,100%,0%,通识教育科
物理科学与技术学院,1196,科学教育,07190130,高等数学Ⅱ,4,15,15,14,20,2,100,30,70,70,0,0,5450,77.86,27.143%,21.429%,20%,97.143%,2.857%,物理科学与技术学院
物理科学与技术学院,1196,科学教育,11190022,大学物理A(Ⅱ),0,11,40,11,9,0,94,60,71,71,0,0,5762,81.15,15.493%,56.338%,15.493%,100%,0%,物理科学与技术学院
物理科学与技术学院,1196,科学教育,66110089,改革开放史,0,2,0,0,0,0,92,91,2,2,0,0,183,91.5,100%,0%,0%,100%,0%,通识教育科
物理科学与技术学院,1196,科学教育,30190002,大学英语Ⅱ（普通生）,0,0,31,26,12,0,89,60,69,69,0,0,5312,76.99,0%,44.928%,37.681%,100%,0%,大学外语教学部
物理科学与技术学院,1196,科学教育,11118343,劳动与社会实践Ⅲ,0,65,6,0,0,0,95,85,71,71,0,0,6474,91.18,91.549%,8.451%,0%,100%,0%,物理科学与技术学院
物理科学与技术学院,1196,科学教育,11117900,教育与科学哲学,0,0,27,31,13,0,89,61,71,71,0,0,5413,76.24,0%,38.028%,43.662%,100%,0%,物理科学与技术学院
物理科学与技术学院,1196,科学教育,77100910,毽绳1,0,1,2,3,0,0,91,72,6,6,0,0,486,81,16.667%,33.333%,50%,100%,0%,公共体育教学部
物理科学与技术学院,1196,科学教育,11113020,科技活动与科技制作,0,41,26,4,0,0,97,77,71,71,0,0,6378,89.83,57.746%,36.62%,5.634%,100%,0%,物理科学与技术学院
物理科学与技术学院,1196,科学教育,25100060,教师语言,0,37,34,0,0,0,96,83,71,71,0,0,6350,89.44,52.113%,47.887%,0%,100%,0%,教师教育学院
物理科学与技术学院,1196,科学教育,11190400,科技教育资源开发与应用,0,34,37,0,0,0,94,86,71,71,0,0,6360,89.58,47.887%,52.113%,0%,100%,0%,物理科学与技术学院
物理科学与技术学院,1196,科学教育,25100030,教师职业道德,0,71,0,0,0,0,96,91,71,71,0,0,6627,93.34,100%,0%,0%,100%,0%,教师教育学院
物理科学与技术学院,1196,科学教育,13110132,劳动教育,0,48,23,0,0,0,92,84,71,71,0,0,6356,89.52,67.606%,32.394%,0%,100%,0%,马克思主义学院
物理科学与技术学院,1196,科学教育,11116070,教育机器人,0,3,68,0,0,0,91,80,71,71,0,0,6082,85.66,4.225%,95.775%,0%,100%,0%,物理科学与技术学院
物理科学与技术学院,1196,科学教育,11111810,科学教育与创新教育概论,0,5,40,23,3,0,93,65,71,71,0,0,5731,80.72,7.042%,56.338%,32.394%,100%,0%,物理科学与技术学院
物理科学与技术学院,1196,科学教育,13110021,马克思主义基本原理,0,1,16,25,29,0,91,60,71,71,0,0,5216,73.46,1.408%,22.535%,35.211%,100%,0%,马克思主义学院
物理科学与技术学院,1196,科学教育,66110011,社交礼仪,0,5,7,0,0,0,99,83,12,12,0,0,1059,88.25,41.667%,58.333%,0%,100%,0%,通识教育科
物理科学与技术学院,1196,科学教育,25100040,教育政策法规,0,2,68,1,0,0,90,70,71,71,0,0,6093,85.82,2.817%,95.775%,1.408%,100%,0%,教师教育学院
物理科学与技术学院,1196,科学教育,66170038,飞镖,0,0,1,0,0,0,86,86,1,1,0,0,86,86,0%,100%,0%,100%,0%,通识教育科
物理科学与技术学院,1196,科学教育,77102210,瑜伽1,0,0,8,0,0,0,88,84,8,8,0,0,688,86,0%,100%,0%,100%,0%,公共体育教学部
物理科学与技术学院,1196,科学教育,66190102,机械设备维护与保养实践劳动,0,0,2,0,0,0,84,81,2,2,0,0,165,82.5,0%,100%,0%,100%,0%,通识教育科
物理科学与技术学院,1196,科学教育,77100210,足球1,0,0,2,0,0,0,89,89,2,2,0,0,178,89,0%,100%,0%,100%,0%,公共体育教学部
物理科学与技术学院,1196,科学教育,66170039,儿童学业行为改变技术,0,0,1,0,0,0,83,83,1,1,0,0,83,83,0%,100%,0%,100%,0%,通识教育科
物理科学与技术学院,1196,科学教育,3019027A,旅游英语,0,0,0,1,0,0,78,78,1,1,0,0,78,78,0%,0%,100%,100%,0%,大学外语教学部
物理科学与技术学院,1196,科学教育,66150012,简笔画,0,8,0,0,0,0,95,90,8,8,0,0,752,94,100%,0%,0%,100%,0%,通识教育科
物理科学与技术学院,1196,科学教育,66130096,生命起源与进化,0,1,0,0,0,0,90,90,1,1,0,0,90,90,100%,0%,0%,100%,0%,通识教育科
物理科学与技术学院,1196,科学教育,77103612,啦啦操3,0,0,3,0,0,0,86,84,3,3,0,0,254,84.67,0%,100%,0%,100%,0%,公共体育教学部
物理科学与技术学院,1196,科学教育,66190012,数学建模与思维,1,2,0,0,0,0,100,93,3,3,0,0,290,96.67,100%,0%,0%,100%,0%,通识教育科
物理科学与技术学院,1196,科学教育,66110076,生活中的税收,0,1,1,0,1,0,90,64,3,3,0,0,243,81,33.333%,33.333%,0%,100%,0%,通识教育科
物理科学与技术学院,1196,科学教育,13110080,思想道德修养与法律基础,0,1,2,0,0,0,93,88,3,3,0,0,270,90,33.333%,66.667%,0%,100%,0%,马克思主义学院
物理科学与技术学院,1196,科学教育,77102220,瑜伽2,0,0,8,0,0,0,89,85,8,8,0,0,699,87.38,0%,100%,0%,100%,0%,公共体育教学部
物理科学与技术学院,1196,科学教育,66130084,化学史话,0,1,0,0,0,0,96,96,1,1,0,0,96,96,100%,0%,0%,100%,0%,通识教育科
物理科学与技术学院,1196,科学教育,17100430,心理咨询与身心健康,0,4,0,0,0,0,98,97,4,4,0,0,391,97.75,100%,0%,0%,100%,0%,通识教育科
物理科学与技术学院,1196,科学教育,77102020,游泳2,0,0,3,2,0,0,88,71,5,5,0,0,401,80.2,0%,60%,40%,100%,0%,公共体育教学部
物理科学与技术学院,1196,科学教育,66170032,教师资格面试方法与技巧,0,2,1,0,0,0,91,84,3,3,0,0,265,88.33,66.667%,33.333%,0%,100%,0%,通识教育科
物理科学与技术学院,1196,科学教育,66150037,线条类画入门与表现,0,2,0,0,0,0,93,93,2,2,0,0,186,93,100%,0%,0%,100%,0%,通识教育科
物理科学与技术学院,1196,科学教育,77103035,田径运动训练1,0,0,1,0,0,0,80,80,1,1,0,0,80,80,0%,100%,0%,100%,0%,公共体育教学部
物理科学与技术学院,1196,科学教育,66110077,管理心理,0,1,2,0,0,0,96,89,3,3,0,0,274,91.33,33.333%,66.667%,0%,100%,0%,通识教育科
物理科学与技术学院,1196,科学教育,66130028,数学的奥秘：本质与思维,0,0,1,0,0,0,81,81,1,1,0,0,81,81,0%,100%,0%,100%,0%,通识教育科
物理科学与技术学院,1196,科学教育,77101103,跳绳3,0,0,0,2,0,0,73,71,2,2,0,0,144,72,0%,0%,100%,100%,0%,公共体育教学部
物理科学与技术学院,1196,科学教育,66110073,漫游英伦,1,2,1,0,0,0,100,86,4,4,0,0,379,94.75,75%,25%,0%,100%,0%,通识教育科
物理科学与技术学院,1196,科学教育,77100220,足球2,0,0,2,0,0,0,89,88,2,2,0,0,177,88.5,0%,100%,0%,100%,0%,公共体育教学部
物理科学与技术学院,1196,科学教育,66110097,情绪管理与压力调适,0,0,1,0,0,0,80,80,1,1,0,0,80,80,0%,100%,0%,100%,0%,通识教育科
物理科学与技术学院,1196,科学教育,77102904,体育理论4,0,0,0,0,1,0,61,61,1,1,0,0,61,61,0%,0%,0%,100%,0%,公共体育教学部
物理科学与技术学院,1196,科学教育,17101890,世界著名博物馆艺术经典,0,0,1,0,0,0,84,84,1,1,0,0,84,84,0%,100%,0%,100%,0%,通识教育科
物理科学与技术学院,1196,科学教育,77102703,全健排舞3,0,0,0,1,1,0,78,66,2,2,0,0,144,72,0%,0%,50%,100%,0%,公共体育教学部
物理科学与技术学院,1196,科学教育,77103120,飞镖2,0,1,0,0,0,0,93,93,1,1,0,0,93,93,100%,0%,0%,100%,0%,公共体育教学部
物理科学与技术学院,1196,科学教育,77101210,武术1,0,0,1,0,0,0,82,82,1,1,0,0,82,82,0%,100%,0%,100%,0%,公共体育教学部
物理科学与技术学院,1196,科学教育,11113080,创新创造能力训练Ⅰ ,0,19,51,0,0,0,94,80,70,70,0,0,6073,86.76,27.143%,72.857%,0%,100%,0%,物理科学与技术学院
物理科学与技术学院,1196,科学教育,17100480,《史记》导读,1,3,3,0,0,0,100,80,7,7,0,0,625,89.29,57.143%,42.857%,0%,100%,0%,通识教育科
物理科学与技术学院,1196,科学教育,11118390,毕业论文（设计）,0,1,66,4,0,0,90,78,71,71,0,0,5997,84.46,1.408%,92.958%,5.634%,100%,0%,物理科学与技术学院
物理科学与技术学院,1196,科学教育,11196010,数字电路理论与实践,0,1,27,31,11,0,90,62,70,70,0,0,5362,76.6,1.429%,38.571%,44.286%,100%,0%,物理科学与技术学院
物理科学与技术学院,1196,科学教育,11117500,小学教育科研方法与实务,0,61,10,0,0,0,94,89,71,71,0,0,6426,90.51,85.915%,14.085%,0%,100%,0%,物理科学与技术学院
物理科学与技术学院,1196,科学教育,77100503,排球3,0,0,1,1,0,0,85,74,2,2,0,0,159,79.5,0%,50%,50%,100%,0%,公共体育教学部
物理科学与技术学院,1196,科学教育,30190001,大学英语Ⅰ（普通生）,0,1,34,31,3,0,90,60,69,69,0,0,5432,78.72,1.449%,49.275%,44.928%,100%,0%,大学外语教学部
物理科学与技术学院,1196,科学教育,13110127,形势与政策Ⅴ,0,39,32,0,0,0,93,86,71,71,0,0,6369,89.7,54.93%,45.07%,0%,100%,0%,马克思主义学院
物理科学与技术学院,1196,科学教育,11117000,小学德育与班级管理,0,38,24,6,3,0,97,60,71,71,0,0,6270,88.31,53.521%,33.803%,8.451%,100%,0%,物理科学与技术学院
物理科学与技术学院,1196,科学教育,13110131,马克思主义中国化进程与青年学生使命担当,0,69,2,0,0,0,97,84,71,71,0,0,6610,93.1,97.183%,2.817%,0%,100%,0%,马克思主义学院
物理科学与技术学院,1196,科学教育,17110045,创新创业实践,0,12,59,0,0,0,96,85,71,71,0,0,6167,86.86,16.901%,83.099%,0%,100%,0%,教务处（语言文字委员会办公室、含通识教育中心）
物理科学与技术学院,1196,科学教育,66130077,旅游与地质,0,2,2,0,0,0,97,85,4,4,0,0,364,91,50%,50%,0%,100%,0%,通识教育科
物理科学与技术学院,1196,科学教育,11116020,科普基地科普能力训练,0,1,70,0,0,0,91,82,71,71,0,0,6008,84.62,1.408%,98.592%,0%,100%,0%,物理科学与技术学院
物理科学与技术学院,1196,科学教育,88190002,计算机基础应用Ⅱ,0,5,44,16,6,0,95,60,71,71,0,0,5783,81.45,7.042%,61.972%,22.535%,100%,0%,公共计算机教学部
物理科学与技术学院,1196,科学教育,66130059,诺奖·社会·物理,0,4,4,3,0,0,94,73,11,11,0,0,932,84.73,36.364%,36.364%,27.273%,100%,0%,通识教育科
物理科学与技术学院,1196,科学教育,13110111,中国近现代史纲要,0,1,45,20,5,0,90,62,71,71,0,0,5696,80.23,1.408%,63.38%,28.169%,100%,0%,马克思主义学院
物理科学与技术学院,1196,科学教育,66170041,轮滑基础,0,1,1,1,0,0,90,77,3,3,0,0,248,82.67,33.333%,33.333%,33.333%,100%,0%,通识教育科
物理科学与技术学院,1196,科学教育,66110055,师范生教育实习的理论与实践,0,1,9,0,0,0,93,80,10,10,0,0,871,87.1,10%,90%,0%,100%,0%,通识教育科
物理科学与技术学院,1196,科学教育,66150043,世界民族音乐鉴赏,0,3,0,0,0,0,96,91,3,3,0,0,281,93.67,100%,0%,0%,100%,0%,通识教育科
物理科学与技术学院,1196,科学教育,66170031,物理学原理在乒乓球技术中的应用,0,2,4,0,0,0,94,86,6,6,0,0,535,89.17,33.333%,66.667%,0%,100%,0%,通识教育科
物理科学与技术学院,1196,科学教育,3019030A,英美概况,0,0,3,4,0,0,89,70,7,7,0,0,556,79.43,0%,42.857%,57.143%,100%,0%,大学外语教学部
物理科学与技术学院,1196,科学教育,77100610,气排球1,0,1,7,1,0,0,91,79,9,9,0,0,764,84.89,11.111%,77.778%,11.111%,100%,0%,公共体育教学部
物理科学与技术学院,1196,科学教育,08182830,数字电子技术,0,0,0,1,0,0,79,79,1,1,0,0,79,79,0%,0%,100%,100%,0%,电子与电气工程学院
物理科学与技术学院,1196,科学教育,77103703,定向运动3,0,1,1,0,0,0,92,88,2,2,0,0,180,90,50%,50%,0%,100%,0%,公共体育教学部
物理科学与技术学院,1196,科学教育,66190037,大学生科技创新能力拓展--以“挑战杯”为例,0,7,0,0,0,0,96,91,7,7,0,0,655,93.57,100%,0%,0%,100%,0%,通识教育科
物理科学与技术学院,1196,科学教育,66110081,消费者心理与行为,0,1,3,1,0,0,91,75,5,5,0,0,419,83.8,20%,60%,20%,100%,0%,通识教育科
物理科学与技术学院,1196,科学教育,17101230,旅游英语—中外名胜博览与欣赏（一带一路篇）,0,2,0,0,0,0,91,90,2,2,0,0,181,90.5,100%,0%,0%,100%,0%,通识教育科
物理科学与技术学院,1196,科学教育,30191101,公共日语Ⅰ,0,1,1,0,0,0,98,86,2,2,0,0,184,92,50%,50%,0%,100%,0%,大学外语教学部
物理科学与技术学院,1196,科学教育,66170047,WPS文字高级应用,0,2,0,0,0,0,94,91,2,2,0,0,185,92.5,100%,0%,0%,100%,0%,通识教育科
物理科学与技术学院,1196,科学教育,77101510,太极拳1,0,0,4,0,0,0,88,81,4,4,0,0,334,83.5,0%,100%,0%,100%,0%,公共体育教学部
物理科学与技术学院,1196,科学教育,66170033,统计分析与SPSS的应用,0,3,0,1,0,0,96,79,4,4,0,0,356,89,75%,0%,25%,100%,0%,通识教育科
物理科学与技术学院,1196,科学教育,66150009,中国百年经典交响音乐鉴赏,0,2,0,0,0,0,91,90,2,2,0,0,181,90.5,100%,0%,0%,100%,0%,通识教育科
物理科学与技术学院,1196,科学教育,77100703,乒乓球3,0,4,4,2,0,0,90,73,10,10,0,0,847,84.7,40%,40%,20%,100%,0%,公共体育教学部
物理科学与技术学院,1196,科学教育,77102320,健美操2,0,0,4,0,0,0,88,82,4,4,0,0,342,85.5,0%,100%,0%,100%,0%,公共体育教学部
物理科学与技术学院,1196,科学教育,66110070,英汉翻译入门,0,0,1,1,0,0,80,79,2,2,0,0,159,79.5,0%,50%,50%,100%,0%,通识教育科
物理科学与技术学院,1196,科学教育,66130085,精细化学品,0,2,1,2,0,0,93,77,5,5,0,0,419,83.8,40%,20%,40%,100%,0%,通识教育科
物理科学与技术学院,1196,科学教育,77100520,排球2,0,1,4,0,0,0,92,82,5,5,0,0,426,85.2,20%,80%,0%,100%,0%,公共体育教学部
物理科学与技术学院,1196,科学教育,66110092,国际商务礼仪,0,4,4,0,0,0,91,86,8,8,0,0,711,88.88,50%,50%,0%,100%,0%,通识教育科
物理科学与技术学院,1196,科学教育,66110035,社会调查与研究方法,0,0,0,1,0,0,75,75,1,1,0,0,75,75,0%,0%,100%,100%,0%,通识教育科
物理科学与技术学院,1196,科学教育,66190038,概率统计的前世今生,0,0,1,0,0,0,84,84,1,1,0,0,84,84,0%,100%,0%,100%,0%,通识教育科
物理科学与技术学院,1196,科学教育,77100103,篮球3,0,6,2,1,1,0,97,65,10,10,0,0,868,86.8,60%,20%,10%,100%,0%,公共体育教学部
物理科学与技术学院,1196,科学教育,09199252,日常烹饪与营养,0,1,1,0,0,0,91,88,2,2,0,0,179,89.5,50%,50%,0%,100%,0%,生命科学与技术学院
物理科学与技术学院,1196,科学教育,66170012,Python办公自动化,0,1,0,0,0,0,94,94,1,1,0,0,94,94,100%,0%,0%,100%,0%,通识教育科
物理科学与技术学院,1196,科学教育,30191103,公共日语Ⅲ,0,0,1,1,0,0,85,79,2,2,0,0,164,82,0%,50%,50%,100%,0%,大学外语教学部
物理科学与技术学院,1196,科学教育,66170010,教学竞赛设计与课件制作技巧,0,4,0,0,0,0,94,90,4,4,0,0,369,92.25,100%,0%,0%,100%,0%,通识教育科
物理科学与技术学院,1196,科学教育,66190005,MATLAB仿真创新训练,0,1,0,0,0,0,90,90,1,1,0,0,90,90,100%,0%,0%,100%,0%,通识教育科
物理科学与技术学院,1196,科学教育,66152354,中国民歌鉴赏,0,0,0,0,1,0,68,68,1,1,0,0,68,68,0%,0%,0%,100%,0%,通识教育科
物理科学与技术学院,1196,科学教育,66110074,政治通识与艺术生活,0,0,1,0,0,0,86,86,1,1,0,0,86,86,0%,100%,0%,100%,0%,通识教育科
物理科学与技术学院,1196,科学教育,66110078,创意旅游,0,1,1,0,0,0,94,88,2,2,0,0,182,91,50%,50%,0%,100%,0%,通识教育科
物理科学与技术学院,1196,科学教育,77101003,毽球3,0,0,4,1,0,0,89,73,5,5,0,0,405,81,0%,80%,20%,100%,0%,公共体育教学部
物理科学与技术学院,1196,科学教育,66170046,WPS表格高级应用,0,0,0,1,0,0,79,79,1,1,0,0,79,79,0%,0%,100%,100%,0%,通识教育科
物理科学与技术学院,1196,科学教育,66170042,常见心理障碍解析,0,1,0,0,0,0,91,91,1,1,0,0,91,91,100%,0%,0%,100%,0%,通识教育科
物理科学与技术学院,1196,科学教育,77101603,传统养生3,0,0,1,0,0,0,84,84,1,1,0,0,84,84,0%,100%,0%,100%,0%,公共体育教学部
物理科学与技术学院,1196,科学教育,11117600,小学科学教育测量与评价,0,5,66,0,0,0,91,80,71,71,0,0,6061,85.37,7.042%,92.958%,0%,100%,0%,物理科学与技术学院
物理科学与技术学院,1196,科学教育,11111980,探究科技,0,25,35,11,0,0,96,72,71,71,0,0,6118,86.17,35.211%,49.296%,15.493%,100%,0%,物理科学与技术学院
物理科学与技术学院,1196,科学教育,11199000,科学技术教育理论与实践,0,9,62,0,0,0,91,84,71,71,0,0,6218,87.58,12.676%,87.324%,0%,100%,0%,物理科学与技术学院
物理科学与技术学院,1196,科学教育,66150011,手绘艺术,0,9,1,0,0,0,95,87,10,10,0,0,933,93.3,90%,10%,0%,100%,0%,通识教育科
物理科学与技术学院,1196,科学教育,09190010,普通生物学及实验,0,6,33,30,2,0,92,64,71,71,0,0,5670,79.86,8.451%,46.479%,42.254%,100%,0%,生命科学与技术学院
物理科学与技术学院,1196,科学教育,13110123,形势与政策Ⅰ,0,1,70,0,0,0,92,82,71,71,0,0,5956,83.89,1.408%,98.592%,0%,100%,0%,马克思主义学院
物理科学与技术学院,1196,科学教育,77100710,乒乓球1,0,2,10,1,0,0,91,77,13,13,0,0,1089,83.77,15.385%,76.923%,7.692%,100%,0%,公共体育教学部
物理科学与技术学院,1196,科学教育,11117800,科学普及活动设计与指导,0,15,56,0,0,0,93,83,71,71,0,0,6197,87.28,21.127%,78.873%,0%,100%,0%,物理科学与技术学院
物理科学与技术学院,1196,科学教育,30190004,大学英语Ⅳ（普通生）,0,0,8,24,8,0,84,63,40,40,0,0,2962,74.05,0%,20%,60%,100%,0%,大学外语教学部
物理科学与技术学院,1196,科学教育,66170035,3D打印技术基础,0,0,3,0,0,0,87,81,3,3,0,0,252,84,0%,100%,0%,100%,0%,通识教育科
物理科学与技术学院,1196,科学教育,17100490,《水浒传》导读,1,2,0,1,0,0,100,77,4,4,0,0,357,89.25,75%,0%,25%,100%,0%,通识教育科
物理科学与技术学院,1196,科学教育,3019021A,初级美国文学,0,1,4,0,1,0,90,67,6,6,0,0,497,82.83,16.667%,66.667%,0%,100%,0%,大学外语教学部
物理科学与技术学院,1196,科学教育,08181062,高级语言程序设计,0,0,1,0,0,0,81,81,1,1,0,0,81,81,0%,100%,0%,100%,0%,计算机与智能教育学院
物理科学与技术学院,1196,科学教育,11112010,热学,0,0,1,0,0,0,80,80,1,1,0,0,80,80,0%,100%,0%,100%,0%,物理科学与技术学院
物理科学与技术学院,1196,科学教育,66130065,多彩的鱼类世界,0,0,6,0,0,0,89,87,6,6,0,0,527,87.83,0%,100%,0%,100%,0%,通识教育科
物理科学与技术学院,1196,科学教育,17100530,绘画基础,0,5,0,0,0,0,93,90,5,5,0,0,460,92,100%,0%,0%,100%,0%,通识教育科
物理科学与技术学院,1196,科学教育,66110015,管理引论与实践,0,2,1,0,0,0,91,83,3,3,0,0,265,88.33,66.667%,33.333%,0%,100%,0%,通识教育科
物理科学与技术学院,1196,科学教育,77102420,体育舞蹈2,0,2,1,0,0,0,91,89,3,3,0,0,271,90.33,66.667%,33.333%,0%,100%,0%,公共体育教学部
物理科学与技术学院,1196,科学教育,66110046,大学生生命教育,0,1,0,0,0,0,92,92,1,1,0,0,92,92,100%,0%,0%,100%,0%,通识教育科
物理科学与技术学院,1196,科学教育,77100507,排球运动训练3,0,0,1,0,0,0,89,89,1,1,0,0,89,89,0%,100%,0%,100%,0%,公共体育教学部
物理科学与技术学院,1196,科学教育,66110017,影视评论,0,0,1,0,0,0,88,88,1,1,0,0,88,88,0%,100%,0%,100%,0%,通识教育科
物理科学与技术学院,1196,科学教育,66130010,现代生物技术与人类生活,0,1,0,0,0,0,92,92,1,1,0,0,92,92,100%,0%,0%,100%,0%,通识教育科
物理科学与技术学院,1196,科学教育,08182701,劳动与社会实践Ⅰ,0,1,0,0,0,0,99,99,1,1,0,0,99,99,100%,0%,0%,100%,0%,计算机与智能教育学院
物理科学与技术学院,1196,科学教育,77100506,排球运动训练2,0,1,0,0,0,0,91,91,1,1,0,0,91,91,100%,0%,0%,100%,0%,公共体育教学部
物理科学与技术学院,1196,科学教育,66110071,文学翻译入门,0,0,0,1,0,0,79,79,1,1,0,0,79,79,0%,0%,100%,100%,0%,通识教育科
物理科学与技术学院,1196,科学教育,17101210,社会调查方法与实践,0,2,1,0,0,0,91,88,3,3,0,0,269,89.67,66.667%,33.333%,0%,100%,0%,通识教育科
物理科学与技术学院,1196,科学教育,66110060,中日文化比较,0,1,0,0,0,0,97,97,1,1,0,0,97,97,100%,0%,0%,100%,0%,通识教育科
物理科学与技术学院,1196,科学教育,77100806,羽毛球运动训练2,0,0,1,0,0,0,85,85,1,1,0,0,85,85,0%,100%,0%,100%,0%,公共体育教学部
物理科学与技术学院,1196,科学教育,66150016,人人爱设计,0,1,0,0,0,0,99,99,1,1,0,0,99,99,100%,0%,0%,100%,0%,通识教育科
物理科学与技术学院,1196,科学教育,3019029A,英语电影赏析,0,0,1,1,0,0,87,75,2,2,0,0,162,81,0%,50%,50%,100%,0%,大学外语教学部
物理科学与技术学院,1196,科学教育,77100508,排球运动训练4,0,1,0,0,0,0,96,96,1,1,0,0,96,96,100%,0%,0%,100%,0%,公共体育教学部
物理科学与技术学院,1196,科学教育,66130054,微生态,0,1,0,0,0,0,94,94,1,1,0,0,94,94,100%,0%,0%,100%,0%,通识教育科
物理科学与技术学院,1196,科学教育,08182311,电子工艺实习,0,1,0,0,0,0,94,94,1,1,0,0,94,94,100%,0%,0%,100%,0%,电子与电气工程学院
物理科学与技术学院,1196,科学教育,66110064,中西饮食文化鉴赏,0,0,1,0,0,0,88,88,1,1,0,0,88,88,0%,100%,0%,100%,0%,通识教育科
物理科学与技术学院,1196,科学教育,11190021,大学物理A(Ⅰ),0,0,11,31,28,1,88,32,71,71,0,0,5009,70.55,0%,15.493%,43.662%,98.592%,1.408%,物理科学与技术学院
物理科学与技术学院,1196,科学教育,11118371,教育见习Ⅰ,0,1,70,0,0,0,91,82,71,71,0,0,6056,85.3,1.408%,98.592%,0%,100%,0%,物理科学与技术学院
物理科学与技术学院,1196,科学教育,55110052,军事技能,0,15,38,18,0,0,95,70,71,71,0,0,5915,83.31,21.127%,53.521%,25.352%,100%,0%,安全保卫处（与党委武装部合署）
物理科学与技术学院,1196,科学教育,99110035,大学生心理健康教育Ⅱ,0,54,17,0,0,0,96,84,71,71,0,0,6452,90.87,76.056%,23.944%,0%,100%,0%,学生处（与党委学生工作部合署、含校友工作办公室）
物理科学与技术学院,1196,科学教育,66170005,摄影基础,0,13,2,0,0,0,93,88,15,15,0,0,1376,91.73,86.667%,13.333%,0%,100%,0%,通识教育科
物理科学与技术学院,1196,科学教育,11190500,小学综合实践活动设计与指导,0,22,49,0,0,0,92,85,71,71,0,0,6293,88.63,30.986%,69.014%,0%,100%,0%,物理科学与技术学院
物理科学与技术学院,1196,科学教育,66130068,大学生健康适能,0,0,6,0,0,0,89,84,6,6,0,0,519,86.5,0%,100%,0%,100%,0%,通识教育科
物理科学与技术学院,1196,科学教育,13110035,习近平新时代中国特色社会主义思想概论,0,15,55,1,0,0,94,72,71,71,0,0,6175,86.97,21.127%,77.465%,1.408%,100%,0%,马克思主义学院
物理科学与技术学院,1196,科学教育,11117301,小学科学学科教学设计,0,11,38,16,6,0,94,62,71,71,0,0,5849,82.38,15.493%,53.521%,22.535%,100%,0%,物理科学与技术学院
物理科学与技术学院,1196,科学教育,25100011,教育学基础,0,1,21,37,12,0,90,61,71,71,0,0,5416,76.28,1.408%,29.577%,52.113%,100%,0%,教师教育学院
物理科学与技术学院,1196,科学教育,88190003,计算机科学前沿,22,46,2,1,0,0,100,76,71,71,0,0,6892,97.07,95.775%,2.817%,1.408%,100%,0%,公共计算机教学部
物理科学与技术学院,1196,科学教育,13110130,形势与政策Ⅷ,1,22,41,7,0,0,100,72,71,71,0,0,6112,86.08,32.394%,57.746%,9.859%,100%,0%,马克思主义学院
物理科学与技术学院,1196,科学教育,13110128,形势与政策Ⅵ,3,50,16,2,0,0,100,73,71,71,0,0,6564,92.45,74.648%,22.535%,2.817%,100%,0%,马克思主义学院
物理科学与技术学院,1196,科学教育,07190120,高等数学Ⅰ,0,13,17,11,29,0,96,60,70,70,0,0,5279,75.41,18.571%,24.286%,15.714%,100%,0%,数学与统计学院
物理科学与技术学院,1196,科学教育,77100720,乒乓球2,0,4,7,2,0,0,92,78,13,13,0,0,1115,85.77,30.769%,53.846%,15.385%,100%,0%,公共体育教学部
物理科学与技术学院,1196,科学教育,11116030,CAD制图理论与实践,0,4,47,20,0,0,91,71,71,71,0,0,5826,82.06,5.634%,66.197%,28.169%,100%,0%,物理科学与技术学院
物理科学与技术学院,1196,科学教育,66130087,超分子化学漫谈,0,2,0,0,0,0,90,90,2,2,0,0,180,90,100%,0%,0%,100%,0%,通识教育科
物理科学与技术学院,1196,科学教育,77100620,气排球2,0,1,3,4,1,0,92,68,9,9,0,0,712,79.11,11.111%,33.333%,44.444%,100%,0%,公共体育教学部
物理科学与技术学院,1196,科学教育,66110053,韩国社会与文化,0,3,17,0,0,0,91,83,20,20,0,0,1758,87.9,15%,85%,0%,100%,0%,通识教育科
物理科学与技术学院,1196,科学教育,00100010,教育实习,0,44,27,0,0,0,98,87,71,71,0,0,6412,90.31,61.972%,38.028%,0%,100%,0%,教务处（语言文字委员会办公室、含通识教育中心）
物理科学与技术学院,1196,科学教育,66150042,中外歌剧音乐鉴赏,0,2,4,1,0,0,95,79,7,7,0,0,604,86.29,28.571%,57.143%,14.286%,100%,0%,通识教育科
物理科学与技术学院,1196,科学教育,66110049,营养与健康,0,0,9,0,0,0,89,84,9,9,0,0,784,87.11,0%,100%,0%,100%,0%,通识教育科
物理科学与技术学院,1196,科学教育,66110002,基础日语（一）,0,0,1,3,0,0,80,72,4,4,0,0,307,76.75,0%,25%,75%,100%,0%,通识教育科
物理科学与技术学院,1196,科学教育,66110079,生活中的财务,0,2,2,1,0,0,96,78,5,5,0,0,434,86.8,40%,40%,20%,100%,0%,通识教育科
物理科学与技术学院,1196,科学教育,77100510,排球1,0,0,5,0,0,0,86,80,5,5,0,0,419,83.8,0%,100%,0%,100%,0%,公共体育教学部
物理科学与技术学院,1196,科学教育,66170028,智慧教育与智慧学习,0,2,0,0,0,0,90,90,2,2,0,0,180,90,100%,0%,0%,100%,0%,通识教育科
物理科学与技术学院,1196,科学教育,66110054,当代中国社会问题,0,0,2,1,0,0,88,75,3,3,0,0,246,82,0%,66.667%,33.333%,100%,0%,通识教育科
物理科学与技术学院,1196,科学教育,66130058,诺奖·社会·化学,0,2,0,0,0,0,95,90,2,2,0,0,185,92.5,100%,0%,0%,100%,0%,通识教育科
物理科学与技术学院,1196,科学教育,66150010,人人都是艺术家——绘画造型基础,0,11,0,0,0,0,96,93,11,11,0,0,1040,94.55,100%,0%,0%,100%,0%,通识教育科
物理科学与技术学院,1196,科学教育,66172351,公共关系礼仪实务,0,0,3,0,0,0,89,88,3,3,0,0,265,88.33,0%,100%,0%,100%,0%,通识教育科
物理科学与技术学院,1196,科学教育,77101703,健身基础3,0,0,2,2,0,0,85,73,4,4,0,0,316,79,0%,50%,50%,100%,0%,公共体育教学部
物理科学与技术学院,1196,科学教育,08182710,专业导论,0,0,1,0,0,0,85,85,1,1,0,0,85,85,0%,100%,0%,100%,0%,电子与电气工程学院
物理科学与技术学院,1196,科学教育,08182702,劳动与社会实践Ⅱ,0,1,0,0,0,0,98,98,1,1,0,0,98,98,100%,0%,0%,100%,0%,计算机与智能教育学院
物理科学与技术学院,1196,科学教育,66110050,数学之美,0,2,1,0,0,0,92,89,3,3,0,0,271,90.33,66.667%,33.333%,0%,100%,0%,通识教育科
物理科学与技术学院,1196,科学教育,11113081,创新创造能力训练I,0,0,1,0,0,0,87,87,1,1,0,0,87,87,0%,100%,0%,100%,0%,物理科学与技术学院
物理科学与技术学院,1196,科学教育,66110052,微生物与人类,0,2,1,0,0,0,90,88,3,3,0,0,268,89.33,66.667%,33.333%,0%,100%,0%,通识教育科
物理科学与技术学院,1196,科学教育,66170009,普通话技能训练,0,3,2,0,0,0,95,80,5,5,0,0,445,89,60%,40%,0%,100%,0%,通识教育科
物理科学与技术学院,1196,科学教育,66110087,社会主义发展史,0,0,1,0,0,0,84,84,1,1,0,0,84,84,0%,100%,0%,100%,0%,通识教育科
物理科学与技术学院,1196,科学教育,3019006A,商务英语视听说,0,0,2,1,0,0,84,78,3,3,0,0,242,80.67,0%,66.667%,33.333%,100%,0%,大学外语教学部
物理科学与技术学院,1196,科学教育,66190028,电子商务创新创业,0,1,0,0,0,0,95,95,1,1,0,0,95,95,100%,0%,0%,100%,0%,通识教育科
物理科学与技术学院,1196,科学教育,11114080,创新创造能力训练Ⅱ,0,4,67,0,0,0,92,82,71,71,0,0,6143,86.52,5.634%,94.366%,0%,100%,0%,物理科学与技术学院
物理科学与技术学院,1196,科学教育,01110002,儿童发展心理学,0,4,61,5,1,0,90,66,71,71,0,0,5986,84.31,5.634%,85.915%,7.042%,100%,0%,教育科学学院
物理科学与技术学院,1196,科学教育,55110051,军事理论,14,41,8,3,5,0,100,60,71,71,0,0,6490,91.41,77.465%,11.268%,4.225%,100%,0%,安全保卫处（与党委武装部合署）
物理科学与技术学院,1196,科学教育,11118346,劳动与社会实践Ⅵ,0,14,57,0,0,0,94,80,71,71,0,0,6054,85.27,19.718%,80.282%,0%,100%,0%,物理科学与技术学院
物理科学与技术学院,1196,科学教育,66150026,笔尖上的艺术——书法基础与赏析,0,2,6,1,1,0,98,69,10,10,0,0,841,84.1,20%,60%,10%,100%,0%,通识教育科
物理科学与技术学院,1196,科学教育,11117400,小学科学教学技能训练（含微格训练）,0,14,57,0,0,0,96,84,71,71,0,0,6260,88.17,19.718%,80.282%,0%,100%,0%,物理科学与技术学院
物理科学与技术学院,1196,科学教育,13110030,毛泽东思想和中国特色社会主义理论体系概论,0,14,54,3,0,0,93,76,71,71,0,0,6117,86.15,19.718%,76.056%,4.225%,100%,0%,马克思主义学院
物理科学与技术学院,1196,科学教育,11190700,科普剧表演活动设计与指导,0,9,62,0,0,0,92,81,71,71,0,0,6188,87.15,12.676%,87.324%,0%,100%,0%,物理科学与技术学院
物理科学与技术学院,1196,科学教育,17100420,家庭教育心理学,0,9,0,0,0,0,99,97,9,9,0,0,882,98,100%,0%,0%,100%,0%,教务处（语言文字委员会办公室、含通识教育中心）
物理科学与技术学院,1196,科学教育,11111990,探究科学,0,5,47,18,1,0,91,60,71,71,0,0,5852,82.42,7.042%,66.197%,25.352%,100%,0%,物理科学与技术学院
物理科学与技术学院,1196,科学教育,66170017,商务形象设计,0,2,2,1,0,0,98,72,5,5,0,0,429,85.8,40%,40%,20%,100%,0%,通识教育科
物理科学与技术学院,1196,科学教育,11116010,科技场馆科普能力训练,0,1,70,0,0,0,90,81,71,71,0,0,6032,84.96,1.408%,98.592%,0%,100%,0%,物理科学与技术学院
物理科学与技术学院,1196,科学教育,3019025A,英语畅谈中国文化,0,0,6,9,1,0,88,60,16,16,0,0,1239,77.44,0%,37.5%,56.25%,100%,0%,大学外语教学部
物理科学与技术学院,1196,科学教育,11117201,小学科学课程标准与教材研究,0,5,32,33,1,0,95,68,71,71,0,0,5704,80.34,7.042%,45.07%,46.479%,100%,0%,物理科学与技术学院
物理科学与技术学院,1196,科学教育,66130069,探索蓝色海洋,0,2,5,0,0,0,93,83,7,7,0,0,615,87.86,28.571%,71.429%,0%,100%,0%,通识教育科
物理科学与技术学院,1196,科学教育,11116080,研学旅游方法与实践,0,0,71,0,0,0,89,83,71,71,0,0,6043,85.11,0%,100%,0%,100%,0%,物理科学与技术学院
物理科学与技术学院,1196,科学教育,66110056,教育前沿问题研究,0,1,5,0,0,0,94,84,6,6,0,0,523,87.17,16.667%,83.333%,0%,100%,0%,通识教育科
物理科学与技术学院,1196,科学教育,77102010,游泳1,0,0,3,2,0,0,85,76,5,5,0,0,403,80.6,0%,60%,40%,100%,0%,公共体育教学部
物理科学与技术学院,1196,科学教育,66110057,大学生婚恋法律指南,0,1,4,0,0,0,92,81,5,5,0,0,431,86.2,20%,80%,0%,100%,0%,通识教育科
物理科学与技术学院,1196,科学教育,77102303,健美操3,0,0,7,0,0,0,89,83,7,7,0,0,605,86.43,0%,100%,0%,100%,0%,公共体育教学部
物理科学与技术学院,1196,科学教育,77101403,跆拳道3,0,0,4,0,0,0,89,85,4,4,0,0,347,86.75,0%,100%,0%,100%,0%,公共体育教学部
物理科学与技术学院,1196,科学教育,3019024A,通用学术英语,0,1,8,1,0,0,90,77,10,10,0,0,847,84.7,10%,80%,10%,100%,0%,大学外语教学部
物理科学与技术学院,1196,科学教育,77100105,篮球运动训练1,0,0,1,0,0,0,83,83,1,1,0,0,83,83,0%,100%,0%,100%,0%,公共体育教学部
物理科学与技术学院,1196,科学教育,77102410,体育舞蹈3,0,0,3,0,0,0,86,82,3,3,0,0,253,84.33,0%,100%,0%,100%,0%,公共体育教学部
物理科学与技术学院,1196,科学教育,77100203,足球3,0,0,5,1,0,0,88,78,6,6,0,0,503,83.83,0%,83.333%,16.667%,100%,0%,公共体育教学部
物理科学与技术学院,1196,科学教育,77102003,游泳3,0,1,0,1,0,0,96,77,2,2,0,0,173,86.5,50%,0%,50%,100%,0%,公共体育教学部
物理科学与技术学院,1196,科学教育,66130052,化学与生活,0,1,1,1,0,0,91,76,3,3,0,0,253,84.33,33.333%,33.333%,33.333%,100%,0%,通识教育科
物理科学与技术学院,1196,科学教育,66170043,美化语音及拓展训练,0,0,1,0,0,0,87,87,1,1,0,0,87,87,0%,100%,0%,100%,0%,通识教育科
物理科学与技术学院,1196,科学教育,77101910,康复保健1,0,0,2,0,0,0,86,85,2,2,0,0,171,85.5,0%,100%,0%,100%,0%,公共体育教学部
物理科学与技术学院,1196,科学教育,66150032,西方音乐剧鉴赏,0,2,1,0,0,0,91,89,3,3,0,0,270,90,66.667%,33.333%,0%,100%,0%,通识教育科
物理科学与技术学院,1196,科学教育,66190003,创新设计思维与实践,0,0,2,0,0,0,89,86,2,2,0,0,175,87.5,0%,100%,0%,100%,0%,通识教育科
物理科学与技术学院,1196,科学教育,66130063,学习科学与技术,0,0,1,0,0,0,85,85,1,1,0,0,85,85,0%,100%,0%,100%,0%,通识教育科
物理科学与技术学院,1196,科学教育,66152351, 微观美·好设计,0,1,2,0,0,0,93,82,3,3,0,0,264,88,33.333%,66.667%,0%,100%,0%,通识教育科
物理科学与技术学院,1196,科学教育,30191104,公共日语Ⅳ,0,0,1,1,0,0,82,79,2,2,0,0,161,80.5,0%,50%,50%,100%,0%,大学外语教学部
物理科学与技术学院,1196,科学教育,66170045,WPS演示高级应用,0,4,0,0,0,0,96,94,4,4,0,0,382,95.5,100%,0%,0%,100%,0%,通识教育科
物理科学与技术学院,1196,科学教育,77100805,羽毛球运动训练1,0,0,1,0,0,0,83,83,1,1,0,0,83,83,0%,100%,0%,100%,0%,公共体育教学部
物理科学与技术学院,1196,科学教育,66130055,动物行为社会学,0,1,0,0,0,0,93,93,1,1,0,0,93,93,100%,0%,0%,100%,0%,通识教育科
物理科学与技术学院,1196,科学教育,66130046,防身术,0,0,0,2,0,0,79,79,2,2,0,0,158,79,0%,0%,100%,100%,0%,通识教育科
物理科学与技术学院,1196,科学教育,66130051,健康管理学,0,3,0,0,0,0,96,94,3,3,0,0,285,95,100%,0%,0%,100%,0%,通识教育科
物理科学与技术学院,1196,科学教育,08188013,高等数学Ⅱ,0,0,0,0,1,0,63,63,1,1,0,0,63,63,0%,0%,0%,100%,0%,计算机与智能教育学院
物理科学与技术学院,1196,科学教育,11111003,力学,0,0,0,1,0,0,79,79,1,1,0,0,79,79,0%,0%,100%,100%,0%,物理科学与技术学院
物理科学与技术学院,1196,科学教育,66110068,中国影视民俗学,0,0,1,1,0,0,84,75,2,2,0,0,159,79.5,0%,50%,50%,100%,0%,通识教育科
物理科学与技术学院,1196,科学教育,3019005A,旅游英语:中外名胜博览与欣赏,0,0,1,0,0,0,85,85,1,1,0,0,85,85,0%,100%,0%,100%,0%,大学外语教学部